propertyId,propertyCode,property,county,zone,room,roomType
44199,DP,Davenport,Polk,Building A,103,Single Room
44199,DP,Davenport,Polk,Building A,105,Double Room
44199,DP,Davenport,Polk,Building A,106,Single Room
44199,DP,Davenport,Polk,Building A,107,Single Room
44199,DP,Davenport,Polk,Building A,108,King Room
44199,DP,Davenport,Polk,Building A,109,Double Room
44199,DP,Davenport,Polk,Building A,110,Double Room
44199,DP,Davenport,Polk,Building A,111,Double Room
44199,DP,Davenport,Polk,Building A,112,Single Studio
44199,DP,Davenport,Polk,Building A,113,Double Room
44199,DP,Davenport,Polk,Building A,114,Single Room
44199,DP,Davenport,Polk,Building A,115,Single Studio
44199,DP,Davenport,Polk,Building A,116,Double Room
44199,DP,Davenport,Polk,Building A,117,Double Room
44199,DP,Davenport,Polk,Building A,118,Double Room
44199,DP,Davenport,Polk,Building A,119,Double Room
44199,DP,Davenport,Polk,Building A,120,King Room
44199,DP,Davenport,Polk,Building A,121,King Room
44199,DP,Davenport,Polk,Building A,122,Double Room
44199,DP,Davenport,Polk,Building A,123,Single Room - Wheelchair Accessible
44199,DP,Davenport,Polk,Building A,124,Single Room
44199,DP,Davenport,Polk,Building A,125,Single Room - Wheelchair Accessible
44199,DP,Davenport,Polk,Building A,126,Single Room
44199,DP,Davenport,Polk,Building A,127,Single Studio
44199,DP,Davenport,Polk,Building A,128,Single Room
44199,DP,Davenport,Polk,Building A,130,Double Room
44199,DP,Davenport,Polk,Building A,131,Single Studio
44199,DP,Davenport,Polk,Building A,133,Single Studio
44199,DP,Davenport,Polk,Building A,135,King Room
44199,DP,Davenport,Polk,Building A,137,Single Studio
44199,DP,Davenport,Polk,Building A,138,Single Studio
44199,DP,Davenport,Polk,Building A,139,Single Studio
44199,DP,Davenport,Polk,Building A,140,Single Studio
44199,DP,Davenport,Polk,Building B,141,King Room
44199,DP,Davenport,Polk,Building B,142,Double Room
44199,DP,Davenport,Polk,Building B,143,Double Room
44199,DP,Davenport,Polk,Building B,144,King Room
44199,DP,Davenport,Polk,Building B,145,Single Studio
44199,DP,Davenport,Polk,Building B,146,Double Room
44199,DP,Davenport,Polk,Building B,147,Double Room
44199,DP,Davenport,Polk,Building B,148,King Room
44199,DP,Davenport,Polk,Building B,149,Single Room
44199,DP,Davenport,Polk,Building B,150,Single Studio
44199,DP,Davenport,Polk,Building B,151,Single Studio
44199,DP,Davenport,Polk,Building B,152,Single Studio
44199,DP,Davenport,Polk,Building B,153,King Room
44199,DP,Davenport,Polk,Building B,154,Single Studio
44199,DP,Davenport,Polk,Building B,155,Double Room
44199,DP,Davenport,Polk,Building B,156,Single Room
44199,DP,Davenport,Polk,Building B,157,Single Room
44199,DP,Davenport,Polk,Building B,158,Single Room
44199,DP,Davenport,Polk,Building B,159,Single Studio
44199,DP,Davenport,Polk,Building B,160,Double Room
44199,DP,Davenport,Polk,Building B,161,Double Room
44199,DP,Davenport,Polk,Building B,162,Single Room
44199,DP,Davenport,Polk,Building B,163,King Room
44199,DP,Davenport,Polk,Building B,164,Double Room
44199,DP,Davenport,Polk,Building B,165,King Room
44199,DP,Davenport,Polk,Building B,166,Upgraded Single Room
44199,DP,Davenport,Polk,Building B,167,Single Room
44199,DP,Davenport,Polk,Building B,168,Upgraded Single Studio
44199,DP,Davenport,Polk,Building B,169,Single Studio
44199,DP,Davenport,Polk,Building B,170,Upgraded Double Room
44199,DP,Davenport,Polk,Building B,171,Single Studio
44199,DP,Davenport,Polk,Building B,172,Upgraded Single Studio
44199,DP,Davenport,Polk,Building B,173,King Room
44199,DP,Davenport,Polk,Building B,174,Upgraded Single Studio
44199,DP,Davenport,Polk,Building B,175,Single Studio
44199,DP,Davenport,Polk,Building B,176,Upgraded Single Studio
44199,DP,Davenport,Polk,Building B,177,King Room
44199,DP,Davenport,Polk,Building B,178,Upgraded Double Room
44199,DP,Davenport,Polk,Building B,179,2-Bedroom Suite
44199,DP,Davenport,Polk,Building B,180,2-Bedroom Suite
44199,DP,Davenport,Polk,Building A,201,Single Room
44199,DP,Davenport,Polk,Building A,202,Double Room
44199,DP,Davenport,Polk,Building A,203,King Room
44199,DP,Davenport,Polk,Building A,204,Single Room
44199,DP,Davenport,Polk,Building A,205,Single Room
44199,DP,Davenport,Polk,Building A,206,Single Room
44199,DP,Davenport,Polk,Building A,207,Single Room
44199,DP,Davenport,Polk,Building A,208,Single Room
44199,DP,Davenport,Polk,Building A,209,Single Room
44199,DP,Davenport,Polk,Building A,210,Single Room
44199,DP,Davenport,Polk,Building A,211,Single Room
44199,DP,Davenport,Polk,Building A,212,Double Room
44199,DP,Davenport,Polk,Building A,213,Double Room
44199,DP,Davenport,Polk,Building A,214,Single Room
44199,DP,Davenport,Polk,Building A,215,Single Room
44199,DP,Davenport,Polk,Building A,216,Single Room
44199,DP,Davenport,Polk,Building A,217,Double Room
44199,DP,Davenport,Polk,Building A,218,Single Room
44199,DP,Davenport,Polk,Building A,219,Double Room
44199,DP,Davenport,Polk,Building A,220,Single Room
44199,DP,Davenport,Polk,Building A,221,Single Studio
44199,DP,Davenport,Polk,Building A,222,Double Room
44199,DP,Davenport,Polk,Building A,223,Single Studio
44199,DP,Davenport,Polk,Building A,224,Double Room
44199,DP,Davenport,Polk,Building A,225,Double Room
44199,DP,Davenport,Polk,Building A,226,Single Room
44199,DP,Davenport,Polk,Building A,227,Double Room
44199,DP,Davenport,Polk,Building A,228,Double Room
44199,DP,Davenport,Polk,Building A,229,Single Room
44199,DP,Davenport,Polk,Building A,230,Double Room
44199,DP,Davenport,Polk,Building A,231,King Room
44199,DP,Davenport,Polk,Building A,232,Single Room
44199,DP,Davenport,Polk,Building A,233,Single Room
44199,DP,Davenport,Polk,Building A,234,Single Studio
44199,DP,Davenport,Polk,Building A,235,Single Room
44199,DP,Davenport,Polk,Building A,236,Double Room
44199,DP,Davenport,Polk,Building A,237,Single Room
44199,DP,Davenport,Polk,Building A,238,Single Studio
44199,DP,Davenport,Polk,Building A,239,King Room
44199,DP,Davenport,Polk,Building A,240,Single Studio
44199,DP,Davenport,Polk,Building B,241,Double Room
44199,DP,Davenport,Polk,Building B,242,Single Room
44199,DP,Davenport,Polk,Building B,243,Single Room
44199,DP,Davenport,Polk,Building B,244,Single Studio
44199,DP,Davenport,Polk,Building B,245,Double Room
44199,DP,Davenport,Polk,Building B,246,Deluxe Queen Studio
44199,DP,Davenport,Polk,Building B,247,Single Studio
44199,DP,Davenport,Polk,Building B,248,Single Studio
44199,DP,Davenport,Polk,Building B,249,Single Room
44199,DP,Davenport,Polk,Building B,250,Single Studio
44199,DP,Davenport,Polk,Building B,251,Single Studio
44199,DP,Davenport,Polk,Building B,252,Single Studio
44199,DP,Davenport,Polk,Building B,253,Single Studio
44199,DP,Davenport,Polk,Building B,254,Single Studio
44199,DP,Davenport,Polk,Building B,255,Single Studio
44199,DP,Davenport,Polk,Building B,256,Single Room
44199,DP,Davenport,Polk,Building B,257,Single Studio
44199,DP,Davenport,Polk,Building B,258,Single Studio
44199,DP,Davenport,Polk,Building B,259,Single Studio
44199,DP,Davenport,Polk,Building B,260,Single Studio
44199,DP,Davenport,Polk,Building B,261,Single Studio
44199,DP,Davenport,Polk,Building B,262,Single Studio
44199,DP,Davenport,Polk,Building B,263,King Room
44199,DP,Davenport,Polk,Building B,264,Single Studio
44199,DP,Davenport,Polk,Building B,265,Single Studio
44199,DP,Davenport,Polk,Building B,266,Single Studio
44199,DP,Davenport,Polk,Building B,267,Single Studio
44199,DP,Davenport,Polk,Building B,268,Single Studio
44199,DP,Davenport,Polk,Building B,269,Single Room
44199,DP,Davenport,Polk,Building B,270,Upgraded Single Studio
44199,DP,Davenport,Polk,Building B,271,Single Room
44199,DP,Davenport,Polk,Building B,272,Upgraded Single Room
44199,DP,Davenport,Polk,Building B,273,Double Room
44199,DP,Davenport,Polk,Building B,274,Upgraded Single Studio
44199,DP,Davenport,Polk,Building B,275,Single Room
44199,DP,Davenport,Polk,Building B,276,Upgraded Single Room
44199,DP,Davenport,Polk,Building B,277,King Room
44199,DP,Davenport,Polk,Building B,278,Upgraded Double Room
44199,DP,Davenport,Polk,Building B,279,2-Bedroom Suite
44199,DP,Davenport,Polk,Building B,280,2-Bedroom Suite
4645,LL,Lakeland,Polk,Building A,100,King Room
4645,LL,Lakeland,Polk,Building A,101,Double Studio - Renovated
4645,LL,Lakeland,Polk,Building A,102,Double Room
4645,LL,Lakeland,Polk,Building A,103,Double Room
4645,LL,Lakeland,Polk,Building A,104,Double Room
4645,LL,Lakeland,Polk,Building A,105,King Room
4645,LL,Lakeland,Polk,Building A,106,Double Room
4645,LL,Lakeland,Polk,Building A,107,Double Studio - Renovated
4645,LL,Lakeland,Polk,Building A,108,Double Room
4645,LL,Lakeland,Polk,Building A,109,Double Room
4645,LL,Lakeland,Polk,Building A,110,Double Studio - Renovated
4645,LL,Lakeland,Polk,Building A,111,Double Studio - Renovated
4645,LL,Lakeland,Polk,Building A,112,Double Room
4645,LL,Lakeland,Polk,Building A,113,Double Room
4645,LL,Lakeland,Polk,Building A,114,Double Room
4645,LL,Lakeland,Polk,Building A,115,Single Room Handicap Accessible
4645,LL,Lakeland,Polk,Building A,116,Double Room
4645,LL,Lakeland,Polk,Building A,117,King Room
4645,LL,Lakeland,Polk,Building A,118,Double Room
4645,LL,Lakeland,Polk,Building A,119,Double Studio - Renovated
4645,LL,Lakeland,Polk,Building A,120,King Room
4645,LL,Lakeland,Polk,Building A,121,King Room
4645,LL,Lakeland,Polk,Building A,123,King Jacuzzi Suite
4645,LL,Lakeland,Polk,Building B,130,King Studio
4645,LL,Lakeland,Polk,Building B,131,Double Studio
4645,LL,Lakeland,Polk,Building B,132,Double Studio
4645,LL,Lakeland,Polk,Building B,133,Double Studio
4645,LL,Lakeland,Polk,Building B,134,King Studio
4645,LL,Lakeland,Polk,Building B,135,Double Studio
4645,LL,Lakeland,Polk,Building B,136,Double Studio
4645,LL,Lakeland,Polk,Building B,137,Double Studio
4645,LL,Lakeland,Polk,Building B,138,Double Studio
4645,LL,Lakeland,Polk,Building B,139,Double Studio
4645,LL,Lakeland,Polk,Building B,140,Double Studio
4645,LL,Lakeland,Polk,Building B,141,Upgraded King Studio
4645,LL,Lakeland,Polk,Building B,142,Upgraded Double Studio
4645,LL,Lakeland,Polk,Building B,143,Upgraded King Studio
4645,LL,Lakeland,Polk,Building B,144,King Studio
4645,LL,Lakeland,Polk,Building B,145,King Studio
4645,LL,Lakeland,Polk,Building B,146,King Studio
4645,LL,Lakeland,Polk,Building B,147,King Studio
4645,LL,Lakeland,Polk,Building B,148,King Studio
4645,LL,Lakeland,Polk,Building B,149,King Room
4645,LL,Lakeland,Polk,Building B,150,King Room
4645,LL,Lakeland,Polk,Building B,151,Double Room
4645,LL,Lakeland,Polk,Building B,152,King Room
4645,LL,Lakeland,Polk,Building B,153,Double Room
4645,LL,Lakeland,Polk,Building B,154,King Room
4645,LL,Lakeland,Polk,Building B,155,King Studio
4645,LL,Lakeland,Polk,Building B,156,Double Studio
4645,LL,Lakeland,Polk,Building B,157,Double Studio
4645,LL,Lakeland,Polk,Building C,160,King Room
4645,LL,Lakeland,Polk,Building C,161,Upgraded Double Room
4645,LL,Lakeland,Polk,Building C,162,King Room
4645,LL,Lakeland,Polk,Building C,163,Upgraded Double Room
4645,LL,Lakeland,Polk,Building C,164,Premium Double Studio - Renovated
4645,LL,Lakeland,Polk,Building C,165,King Room
4645,LL,Lakeland,Polk,Building C,166,King Room
4645,LL,Lakeland,Polk,Building C,167,King Room
4645,LL,Lakeland,Polk,Building C,168,King Studio - Renovated
4645,LL,Lakeland,Polk,Building C,169,Double Room
4645,LL,Lakeland,Polk,Building C,170,Double Room
4645,LL,Lakeland,Polk,Building C,171,Double Room
4645,LL,Lakeland,Polk,Building D,180,Premium Double Studio - Renovated
4645,LL,Lakeland,Polk,Building D,181,Double Room
4645,LL,Lakeland,Polk,Building D,182,Double Room
4645,LL,Lakeland,Polk,Building D,183,Double Room
4645,LL,Lakeland,Polk,Building D,184,King Studio - Renovated
4645,LL,Lakeland,Polk,Building D,185,King Jacuzzi Suite
4645,LL,Lakeland,Polk,Building D,188,Double Studio - Renovated
4645,LL,Lakeland,Polk,Building D,189,Double Studio - Renovated
4645,LL,Lakeland,Polk,Building D,190,Double Room
4645,LL,Lakeland,Polk,Building D,191,Double Room
4645,LL,Lakeland,Polk,Building D,192,Double Room
4645,LL,Lakeland,Polk,Building D,193,King Room
4645,LL,Lakeland,Polk,Building D,194,Double Room
4645,LL,Lakeland,Polk,Building D,195,Double Room
4645,LL,Lakeland,Polk,Building A,200,Double Room
4645,LL,Lakeland,Polk,Building A,201,Double Room
4645,LL,Lakeland,Polk,Building A,202,Double Room
4645,LL,Lakeland,Polk,Building A,203,King Studio - Renovated
4645,LL,Lakeland,Polk,Building A,204,Double Room
4645,LL,Lakeland,Polk,Building A,205,Double Room
4645,LL,Lakeland,Polk,Building A,206,Double Studio - Renovated
4645,LL,Lakeland,Polk,Building A,207,Double Studio
4645,LL,Lakeland,Polk,Building A,208,Double Studio - Renovated
4645,LL,Lakeland,Polk,Building A,209,Double Room
4645,LL,Lakeland,Polk,Building A,210,Double Room
4645,LL,Lakeland,Polk,Building A,211,Double Studio - Renovated
4645,LL,Lakeland,Polk,Building A,212,King Room
4645,LL,Lakeland,Polk,Building A,213,Double Room
4645,LL,Lakeland,Polk,Building A,214,King Room
4645,LL,Lakeland,Polk,Building A,215,Double Room
4645,LL,Lakeland,Polk,Building A,216,Double Room
4645,LL,Lakeland,Polk,Building A,217,Double Room
4645,LL,Lakeland,Polk,Building A,218,King Studio - Renovated
4645,LL,Lakeland,Polk,Building A,219,Double Studio - Renovated
4645,LL,Lakeland,Polk,Building A,220,Double Room
4645,LL,Lakeland,Polk,Building A,221,King Room
4645,LL,Lakeland,Polk,Building A,222,Double Room
4645,LL,Lakeland,Polk,Building A,223,Single Room
4645,LL,Lakeland,Polk,Building B,230,King Studio
4645,LL,Lakeland,Polk,Building B,231,Double Studio
4645,LL,Lakeland,Polk,Building B,232,Double Studio
4645,LL,Lakeland,Polk,Building B,233,Double Studio
4645,LL,Lakeland,Polk,Building B,234,Double Studio
4645,LL,Lakeland,Polk,Building B,235,Double Studio
4645,LL,Lakeland,Polk,Building B,236,Double Studio
4645,LL,Lakeland,Polk,Building B,237,Double Studio
4645,LL,Lakeland,Polk,Building B,238,Double Studio
4645,LL,Lakeland,Polk,Building B,239,Double Studio
4645,LL,Lakeland,Polk,Building B,240,Upgraded Double Studio
4645,LL,Lakeland,Polk,Building B,241,Upgraded Double Studio
4645,LL,Lakeland,Polk,Building B,242,Upgraded Double Studio
4645,LL,Lakeland,Polk,Building B,243,Upgraded Double Studio
4645,LL,Lakeland,Polk,Building B,244,King Studio
4645,LL,Lakeland,Polk,Building B,245,King Studio
4645,LL,Lakeland,Polk,Building B,246,King Studio
4645,LL,Lakeland,Polk,Building B,247,King Studio
4645,LL,Lakeland,Polk,Building B,248,Double Studio
4645,LL,Lakeland,Polk,Building B,249,King Studio
4645,LL,Lakeland,Polk,Building B,250,Double Studio
4645,LL,Lakeland,Polk,Building B,251,Double Studio
4645,LL,Lakeland,Polk,Building B,252,Double Studio
4645,LL,Lakeland,Polk,Building B,253,Double Studio
4645,LL,Lakeland,Polk,Building B,254,Double Studio
4645,LL,Lakeland,Polk,Building B,255,Double Studio
4645,LL,Lakeland,Polk,Building B,256,Double Studio
4645,LL,Lakeland,Polk,Building B,257,King Studio
4645,LL,Lakeland,Polk,Building C,260,King Room
4645,LL,Lakeland,Polk,Building C,261,Double Room
4645,LL,Lakeland,Polk,Building C,262,Premium Double Studio - Renovated
4645,LL,Lakeland,Polk,Building C,263,Double Room
4645,LL,Lakeland,Polk,Building C,264,King Room
4645,LL,Lakeland,Polk,Building C,265,Double Room
4645,LL,Lakeland,Polk,Building C,266,Double Room
4645,LL,Lakeland,Polk,Building C,267,Double Room
4645,LL,Lakeland,Polk,Building C,268,Double Room
4645,LL,Lakeland,Polk,Building C,269,King Room
4645,LL,Lakeland,Polk,Building C,270,Double Room
4645,LL,Lakeland,Polk,Building C,271,King Room
4645,LL,Lakeland,Polk,Building D,280,Double Room
4645,LL,Lakeland,Polk,Building D,281,Double Room
4645,LL,Lakeland,Polk,Building D,282,Double Room
4645,LL,Lakeland,Polk,Building D,283,Double Room
4645,LL,Lakeland,Polk,Building D,284,Double Room
4645,LL,Lakeland,Polk,Building D,286,King Suite
4645,LL,Lakeland,Polk,Building D,287,Double Studio - Renovated
4645,LL,Lakeland,Polk,Building D,288,Double Studio - Renovated
4645,LL,Lakeland,Polk,Building D,289,Double Room
4645,LL,Lakeland,Polk,Building D,290,King Room
4645,LL,Lakeland,Polk,Building D,291,Double Room
4645,LL,Lakeland,Polk,Building D,292,Double Room
4645,LL,Lakeland,Polk,Building D,293,Double Studio - Renovated
4645,LL,Lakeland,Polk,Building D,294,Double Room
4645,LL,Lakeland,Polk,Building D,295,Double Room
4645,LL,Lakeland,Polk,Other,APT1,2-Bedroom Apartment
2295,KE,Kissimmee East,Osceola,Building A,100,Double Studio - Renovated
2295,KE,Kissimmee East,Osceola,Building A,101,King Studio Handicap Accessible - Roll-in
2295,KE,Kissimmee East,Osceola,Building A,102,Double & Bunk Suite
2295,KE,Kissimmee East,Osceola,Building A,105,Double Studio
2295,KE,Kissimmee East,Osceola,Building A,106,Premium Double Studio - Renovated
2295,KE,Kissimmee East,Osceola,Building A,107,Double Studio - Renovated
2295,KE,Kissimmee East,Osceola,Building A,108,Double Studio - Renovated
2295,KE,Kissimmee East,Osceola,Building A,109,Double Studio
2295,KE,Kissimmee East,Osceola,Building A,110,Double Studio
2295,KE,Kissimmee East,Osceola,Building A,112,Double Studio
2295,KE,Kissimmee East,Osceola,Building A,113,Double Studio
2295,KE,Kissimmee East,Osceola,Building A,114,Double Studio
2295,KE,Kissimmee East,Osceola,Building A,115,King Studio Handicap Accessible
2295,KE,Kissimmee East,Osceola,Building A,117,King Studio Handicap Accessible
2295,KE,Kissimmee East,Osceola,Building A,118,King Studio Handicap Accessible - Roll-in
2295,KE,Kissimmee East,Osceola,Building A,119,King Studio Handicap Accessible - Roll-in
2295,KE,Kissimmee East,Osceola,Building B,120,King Studio
2295,KE,Kissimmee East,Osceola,Building B,121,King Studio
2295,KE,Kissimmee East,Osceola,Building B,122,King Studio
2295,KE,Kissimmee East,Osceola,Building B,123,King Studio
2295,KE,Kissimmee East,Osceola,Building B,124,King Studio
2295,KE,Kissimmee East,Osceola,Building B,125,King Studio
2295,KE,Kissimmee East,Osceola,Building B,126,Double Studio
2295,KE,Kissimmee East,Osceola,Building B,128,Double Studio
2295,KE,Kissimmee East,Osceola,Building B,129,Double Studio
2295,KE,Kissimmee East,Osceola,Building B,130,Double Studio
2295,KE,Kissimmee East,Osceola,Building B,131,Double Studio
2295,KE,Kissimmee East,Osceola,Building B,132,Double Studio
2295,KE,Kissimmee East,Osceola,Building B,133,Double Studio
2295,KE,Kissimmee East,Osceola,Building B,134,Double Studio
2295,KE,Kissimmee East,Osceola,Building B,135,Double Studio
2295,KE,Kissimmee East,Osceola,Building B,136,Double Studio
2295,KE,Kissimmee East,Osceola,Building B,137,Double Studio
2295,KE,Kissimmee East,Osceola,Building B,138,Double Studio
2295,KE,Kissimmee East,Osceola,Building B,139,Double Studio
2295,KE,Kissimmee East,Osceola,Building C,145,Double Studio - Renovated
2295,KE,Kissimmee East,Osceola,Building C,150,Double Studio
2295,KE,Kissimmee East,Osceola,Building C,151,Double Studio
2295,KE,Kissimmee East,Osceola,Building C,152,Double Studio
2295,KE,Kissimmee East,Osceola,Building C,153,Double Studio
2295,KE,Kissimmee East,Osceola,Building C,154,Double Studio
2295,KE,Kissimmee East,Osceola,Building C,155,Double Studio
2295,KE,Kissimmee East,Osceola,Building C,156,Double Studio
2295,KE,Kissimmee East,Osceola,Building C,157,Double Studio
2295,KE,Kissimmee East,Osceola,Building C,158,Double Studio
2295,KE,Kissimmee East,Osceola,Building C,159,Double Studio
2295,KE,Kissimmee East,Osceola,Building D,160,Double Studio
2295,KE,Kissimmee East,Osceola,Building D,162,Upgraded King Studio
2295,KE,Kissimmee East,Osceola,Building D,164,Double Room
2295,KE,Kissimmee East,Osceola,Building D,165,Double Room
2295,KE,Kissimmee East,Osceola,Building D,166,Double Room
2295,KE,Kissimmee East,Osceola,Building D,167,Double Room
2295,KE,Kissimmee East,Osceola,Building D,168,Double Room
2295,KE,Kissimmee East,Osceola,Building D,169,Double Room
2295,KE,Kissimmee East,Osceola,Building D,170,Double Room
2295,KE,Kissimmee East,Osceola,Building D,172,Double Studio
2295,KE,Kissimmee East,Osceola,Building D,173,Studio Single Room
2295,KE,Kissimmee East,Osceola,Building D,174,Double Room
2295,KE,Kissimmee East,Osceola,Building D,175,Double Room
2295,KE,Kissimmee East,Osceola,Building D,176,Upgraded Double Room
2295,KE,Kissimmee East,Osceola,Building D,177,Double Room
2295,KE,Kissimmee East,Osceola,Building D,178,Double Room
2295,KE,Kissimmee East,Osceola,Building D,179,Double Room
2295,KE,Kissimmee East,Osceola,Building E,180,Double Studio
2295,KE,Kissimmee East,Osceola,Building E,181,King Studio Handicap Accessible
2295,KE,Kissimmee East,Osceola,Building E,182,Double & Bunk Suite
2295,KE,Kissimmee East,Osceola,Building E,183,Double Studio
2295,KE,Kissimmee East,Osceola,Building E,185,Double Studio
2295,KE,Kissimmee East,Osceola,Building E,186,Double Studio
2295,KE,Kissimmee East,Osceola,Building E,187,Double Studio
2295,KE,Kissimmee East,Osceola,Building E,188,Double Studio
2295,KE,Kissimmee East,Osceola,Building E,189,Double Studio
2295,KE,Kissimmee East,Osceola,Building E,191,Double Studio
2295,KE,Kissimmee East,Osceola,Building E,192,Double Studio
2295,KE,Kissimmee East,Osceola,Building E,193,Double Studio
2295,KE,Kissimmee East,Osceola,Building E,195,Double Studio
2295,KE,Kissimmee East,Osceola,Building E,196,King Studio
2295,KE,Kissimmee East,Osceola,Building E,198,Studio Single Room
2295,KE,Kissimmee East,Osceola,Building E,199,Double Studio
2295,KE,Kissimmee East,Osceola,Building A,200,Double Studio - Renovated
2295,KE,Kissimmee East,Osceola,Building A,201,Double Studio - Renovated
2295,KE,Kissimmee East,Osceola,Building A,203,Double Studio
2295,KE,Kissimmee East,Osceola,Building A,205,Double Studio - Renovated
2295,KE,Kissimmee East,Osceola,Building A,206,Double Studio
2295,KE,Kissimmee East,Osceola,Building A,207,Double Studio
2295,KE,Kissimmee East,Osceola,Building A,210,Double Studio
2295,KE,Kissimmee East,Osceola,Building A,211,Double Studio - Renovated
2295,KE,Kissimmee East,Osceola,Building A,212,Double Studio
2295,KE,Kissimmee East,Osceola,Building A,213,Double Studio - Renovated
2295,KE,Kissimmee East,Osceola,Building A,214,Double Studio - Renovated
2295,KE,Kissimmee East,Osceola,Building A,215,Double Studio - Renovated
2295,KE,Kissimmee East,Osceola,Building A,216,Double Studio - Renovated
2295,KE,Kissimmee East,Osceola,Building A,218,Double Studio - Renovated
2295,KE,Kissimmee East,Osceola,Building A,219,Double Studio - Renovated
2295,KE,Kissimmee East,Osceola,Building B,220,King Studio
2295,KE,Kissimmee East,Osceola,Building B,222,King Studio
2295,KE,Kissimmee East,Osceola,Building B,223,King Studio
2295,KE,Kissimmee East,Osceola,Building B,224,Upgraded King Studio
2295,KE,Kissimmee East,Osceola,Building B,225,King Studio
2295,KE,Kissimmee East,Osceola,Building B,226,Double Studio
2295,KE,Kissimmee East,Osceola,Building B,227,Double Studio
2295,KE,Kissimmee East,Osceola,Building B,229,King Studio
2295,KE,Kissimmee East,Osceola,Building B,230,Double Studio
2295,KE,Kissimmee East,Osceola,Building B,232,Double Studio
2295,KE,Kissimmee East,Osceola,Building B,233,Double Studio - Renovated
2295,KE,Kissimmee East,Osceola,Building B,234,Double Studio
2295,KE,Kissimmee East,Osceola,Building B,235,Double Studio - Renovated
2295,KE,Kissimmee East,Osceola,Building B,236,Double Studio
2295,KE,Kissimmee East,Osceola,Building B,237,Double Studio - Renovated
2295,KE,Kissimmee East,Osceola,Building B,238,Double Studio
2295,KE,Kissimmee East,Osceola,Building B,239,Double Studio - Renovated
2295,KE,Kissimmee East,Osceola,Building C,240,Double Room
2295,KE,Kissimmee East,Osceola,Building C,241,Double Room
2295,KE,Kissimmee East,Osceola,Building C,242,Double Room
2295,KE,Kissimmee East,Osceola,Building C,243,Double Room
2295,KE,Kissimmee East,Osceola,Building C,244,Double Room
2295,KE,Kissimmee East,Osceola,Building C,245,Double Room
2295,KE,Kissimmee East,Osceola,Building C,246,Double Room
2295,KE,Kissimmee East,Osceola,Building C,247,Double Room
2295,KE,Kissimmee East,Osceola,Building C,248,Double Room
2295,KE,Kissimmee East,Osceola,Building C,249,Double Room
2295,KE,Kissimmee East,Osceola,Building C,250,Double Room
2295,KE,Kissimmee East,Osceola,Building C,251,Double Room
2295,KE,Kissimmee East,Osceola,Building C,252,Double Room
2295,KE,Kissimmee East,Osceola,Building C,253,Double Room
2295,KE,Kissimmee East,Osceola,Building C,254,Double Room
2295,KE,Kissimmee East,Osceola,Building C,255,Double Room
2295,KE,Kissimmee East,Osceola,Building C,256,Double Room
2295,KE,Kissimmee East,Osceola,Building C,257,Double Room
2295,KE,Kissimmee East,Osceola,Building C,258,Double Room
2295,KE,Kissimmee East,Osceola,Building C,259,Double Studio - Renovated
2295,KE,Kissimmee East,Osceola,Building D,260,Double Room
2295,KE,Kissimmee East,Osceola,Building D,261,Upgraded Double Room
2295,KE,Kissimmee East,Osceola,Building D,262,Double Room
2295,KE,Kissimmee East,Osceola,Building D,263,Double Room
2295,KE,Kissimmee East,Osceola,Building D,264,Double Room
2295,KE,Kissimmee East,Osceola,Building D,265,Double Room
2295,KE,Kissimmee East,Osceola,Building D,266,Double Room
2295,KE,Kissimmee East,Osceola,Building D,267,Double Room
2295,KE,Kissimmee East,Osceola,Building D,268,Double Room
2295,KE,Kissimmee East,Osceola,Building D,269,Double Room
2295,KE,Kissimmee East,Osceola,Building D,270,Double Room
2295,KE,Kissimmee East,Osceola,Building D,271,Upgraded Double Room
2295,KE,Kissimmee East,Osceola,Building D,272,Double Room
2295,KE,Kissimmee East,Osceola,Building D,274,Double Studio - Renovated
2295,KE,Kissimmee East,Osceola,Building D,275,Double Room
2295,KE,Kissimmee East,Osceola,Building D,276,Double Room
2295,KE,Kissimmee East,Osceola,Building D,277,Upgraded Double Room
2295,KE,Kissimmee East,Osceola,Building D,278,Double Room
2295,KE,Kissimmee East,Osceola,Building D,279,Double Room
2295,KE,Kissimmee East,Osceola,Building E,280,Upgraded Double Studio
2295,KE,Kissimmee East,Osceola,Building E,281,Premium Double Studio - Renovated
2295,KE,Kissimmee East,Osceola,Building E,282,Double & Bunk Suite
2295,KE,Kissimmee East,Osceola,Building E,283,Double Studio - Renovated
2295,KE,Kissimmee East,Osceola,Building E,285,Double Studio - Renovated
2295,KE,Kissimmee East,Osceola,Building E,286,Upgraded Double Studio
2295,KE,Kissimmee East,Osceola,Building E,288,Double Studio
2295,KE,Kissimmee East,Osceola,Building E,289,Premium Double Studio - Renovated
2295,KE,Kissimmee East,Osceola,Building E,290,Double Studio - Renovated
2295,KE,Kissimmee East,Osceola,Building E,291,King Studio
2295,KE,Kissimmee East,Osceola,Building E,292,Double Studio - Renovated
2295,KE,Kissimmee East,Osceola,Building E,294,Double Studio - Renovated
2295,KE,Kissimmee East,Osceola,Building E,295,Double Studio
2295,KE,Kissimmee East,Osceola,Building E,296,Upgraded Double Studio
2295,KE,Kissimmee East,Osceola,Building E,297,Double Studio
2295,KE,Kissimmee East,Osceola,Building E,298,Studio Single Room
2295,KE,Kissimmee East,Osceola,Building E,299,Double Studio
5399,KW,Kissimmee West,Osceola,Building A,101,Double Queen Room
5399,KW,Kissimmee West,Osceola,Building A,102,Double Queen Room - Courtyard View
5399,KW,Kissimmee West,Osceola,Building A,103,Double Queen Room
5399,KW,Kissimmee West,Osceola,Building A,104,Double Queen Room - Courtyard View
5399,KW,Kissimmee West,Osceola,Building A,105,Double Queen Room
5399,KW,Kissimmee West,Osceola,Building A,106,Double Queen Room - Courtyard View
5399,KW,Kissimmee West,Osceola,Building A,107,King Room
5399,KW,Kissimmee West,Osceola,Building A,108,Double Queen Room - Courtyard View
5399,KW,Kissimmee West,Osceola,Building A,109,Double Queen Room
5399,KW,Kissimmee West,Osceola,Building A,110,Double Queen Room - Courtyard View
5399,KW,Kissimmee West,Osceola,Building A,111,Double Queen Room
5399,KW,Kissimmee West,Osceola,Building A,112,Double Queen Room - Courtyard View
5399,KW,Kissimmee West,Osceola,Building A,113,Double Queen Room
5399,KW,Kissimmee West,Osceola,Building A,114,Double Queen Room - Courtyard View
5399,KW,Kissimmee West,Osceola,Building A,115,Double Queen Room
5399,KW,Kissimmee West,Osceola,Building A,116,Upgraded Double Room- Courtyard View
5399,KW,Kissimmee West,Osceola,Building A,117,Double Queen Room
5399,KW,Kissimmee West,Osceola,Building A,118,Double Queen Room - Courtyard View
5399,KW,Kissimmee West,Osceola,Building A,119,Double Queen Room
5399,KW,Kissimmee West,Osceola,Building A,120,Double Queen Room - Courtyard View
5399,KW,Kissimmee West,Osceola,Building A,121,King Room
5399,KW,Kissimmee West,Osceola,Building A,122,King Room - Courtyard View
5399,KW,Kissimmee West,Osceola,Building B,123,Double Queen Room
5399,KW,Kissimmee West,Osceola,Building C,124,Double Queen Room - Courtyard View
5399,KW,Kissimmee West,Osceola,Building B,125,Double Queen Room
5399,KW,Kissimmee West,Osceola,Building C,126,Double Queen Room - Courtyard View
5399,KW,Kissimmee West,Osceola,Building B,127,Double Queen Room
5399,KW,Kissimmee West,Osceola,Building C,128,Double Queen Room - Courtyard View
5399,KW,Kissimmee West,Osceola,Building B,129,Double Queen Room
5399,KW,Kissimmee West,Osceola,Building C,130,Double Queen Room - Courtyard View
5399,KW,Kissimmee West,Osceola,Building B,131,Double Queen Room
5399,KW,Kissimmee West,Osceola,Building C,132,Double Queen Room - Courtyard View
5399,KW,Kissimmee West,Osceola,Building C,133,Double Queen Room
5399,KW,Kissimmee West,Osceola,Building C,134,King Room - Courtyard View
5399,KW,Kissimmee West,Osceola,Building C,135,Double Queen Room
5399,KW,Kissimmee West,Osceola,Building C,136,Double Queen Room with Kitchen
5399,KW,Kissimmee West,Osceola,Building C,137,Double Queen Room
5399,KW,Kissimmee West,Osceola,Building C,138,Double Queen Room - Courtyard View
5399,KW,Kissimmee West,Osceola,Building C,139,Double Queen Room
5399,KW,Kissimmee West,Osceola,Building C,140,Double Queen Room with Kitchen
5399,KW,Kissimmee West,Osceola,Building C,141,Double Queen Room
5399,KW,Kissimmee West,Osceola,Building C,142,Double Queen Room - Courtyard View
5399,KW,Kissimmee West,Osceola,Building C,143,Double Queen Handicap Accessible
5399,KW,Kissimmee West,Osceola,Building C,144,Double Queen Room with Kitchen
5399,KW,Kissimmee West,Osceola,Building C,145,Double Queen with Roll-in Shower
5399,KW,Kissimmee West,Osceola,Building C,146,Double Queen Room - Courtyard View
5399,KW,Kissimmee West,Osceola,Building C,147,King Room
5399,KW,Kissimmee West,Osceola,Building E,148,Double Queen Room - Courtyard View
5399,KW,Kissimmee West,Osceola,Building C,149,Double Queen Room with Kitchen
5399,KW,Kissimmee West,Osceola,Building E,150,Double Queen Room - Courtyard View
5399,KW,Kissimmee West,Osceola,Building C,151,Double Queen Room
5399,KW,Kissimmee West,Osceola,Building E,152,Double Queen Room - Courtyard View
5399,KW,Kissimmee West,Osceola,Building C,153,Double Queen Room with Kitchen
5399,KW,Kissimmee West,Osceola,Building E,154,Double Queen Room - Courtyard View
5399,KW,Kissimmee West,Osceola,Building C,155,Double Queen Room
5399,KW,Kissimmee West,Osceola,Building E,156,Double Queen Room - Courtyard View
5399,KW,Kissimmee West,Osceola,Building C,157,Double Queen Room with Kitchen
5399,KW,Kissimmee West,Osceola,Building E,158,Double Queen Room - Courtyard View
5399,KW,Kissimmee West,Osceola,Building C,159,King Room
5399,KW,Kissimmee West,Osceola,Building E,160,Double Queen Room - Courtyard View
5399,KW,Kissimmee West,Osceola,Building C,161,Double Queen Room with Kitchen
5399,KW,Kissimmee West,Osceola,Building E,162,Double Queen Room - Courtyard View
5399,KW,Kissimmee West,Osceola,Building C,163,Double Queen Room
5399,KW,Kissimmee West,Osceola,Building D,165,King Room
5399,KW,Kissimmee West,Osceola,Building D,167,King Room
5399,KW,Kissimmee West,Osceola,Building D,169,King Room
5399,KW,Kissimmee West,Osceola,Building D,171,King Room
5399,KW,Kissimmee West,Osceola,Building D,173,King Room
5399,KW,Kissimmee West,Osceola,Building E,175,Double Queen Room
5399,KW,Kissimmee West,Osceola,Building E,177,Double Queen Room
5399,KW,Kissimmee West,Osceola,Building E,179,Double Queen Room
5399,KW,Kissimmee West,Osceola,Building E,181,Double Queen Room
5399,KW,Kissimmee West,Osceola,Building E,183,Double Queen Room
5399,KW,Kissimmee West,Osceola,Building E,185,Double Queen Room
5399,KW,Kissimmee West,Osceola,Building E,187,Double Queen Room
5399,KW,Kissimmee West,Osceola,Building E,189,Double Queen Room
5399,KW,Kissimmee West,Osceola,Building A,201,Double Queen Room
5399,KW,Kissimmee West,Osceola,Building A,202,Upgraded Double Room- Courtyard View
5399,KW,Kissimmee West,Osceola,Building A,203,Double Queen Room
5399,KW,Kissimmee West,Osceola,Building A,204,Upgraded Double Room- Courtyard View
5399,KW,Kissimmee West,Osceola,Building A,205,Double Queen Room
5399,KW,Kissimmee West,Osceola,Building A,206,Upgraded Double Room- Courtyard View
5399,KW,Kissimmee West,Osceola,Building A,207,Double Queen Room
5399,KW,Kissimmee West,Osceola,Building A,208,Upgraded Double Room- Courtyard View
5399,KW,Kissimmee West,Osceola,Building A,209,Double Queen Room
5399,KW,Kissimmee West,Osceola,Building A,210,Upgraded Double Room- Courtyard View
5399,KW,Kissimmee West,Osceola,Building A,211,Double Queen Room
5399,KW,Kissimmee West,Osceola,Building A,212,Upgraded Double Room- Courtyard View
5399,KW,Kissimmee West,Osceola,Building A,213,Double Queen Room
5399,KW,Kissimmee West,Osceola,Building A,214,Upgraded Double Room- Courtyard View
5399,KW,Kissimmee West,Osceola,Building A,215,Double Queen Room
5399,KW,Kissimmee West,Osceola,Building A,216,Upgraded Double Room- Courtyard View
5399,KW,Kissimmee West,Osceola,Building A,217,Double Queen Room
5399,KW,Kissimmee West,Osceola,Building A,218,Double Queen Room - Courtyard View
5399,KW,Kissimmee West,Osceola,Building A,219,Double Queen Room
5399,KW,Kissimmee West,Osceola,Building A,220,Upgraded Double Room- Courtyard View
5399,KW,Kissimmee West,Osceola,Building A,221,King Room
5399,KW,Kissimmee West,Osceola,Building A,222,Upgraded King Room - Courtyard View
5399,KW,Kissimmee West,Osceola,Building B,223,Double Queen Room
5399,KW,Kissimmee West,Osceola,Building C,224,Double Queen Room - Courtyard View
5399,KW,Kissimmee West,Osceola,Building B,225,Double Queen Room
5399,KW,Kissimmee West,Osceola,Building C,226,Double Queen Room - Courtyard View
5399,KW,Kissimmee West,Osceola,Building B,227,Double Queen Room
5399,KW,Kissimmee West,Osceola,Building C,228,Double Queen Room - Courtyard View
5399,KW,Kissimmee West,Osceola,Building B,229,Double Queen Room
5399,KW,Kissimmee West,Osceola,Building C,230,Double Queen Room - Courtyard View
5399,KW,Kissimmee West,Osceola,Building B,231,Double Queen Room
5399,KW,Kissimmee West,Osceola,Building C,232,Double Queen Room - Courtyard View
5399,KW,Kissimmee West,Osceola,Building C,233,Double Queen Room
5399,KW,Kissimmee West,Osceola,Building C,234,Double Queen Room - Courtyard View
5399,KW,Kissimmee West,Osceola,Building C,235,Double Queen Room
5399,KW,Kissimmee West,Osceola,Building C,236,Double Queen Room - Courtyard View
5399,KW,Kissimmee West,Osceola,Building C,237,Double Queen Room
5399,KW,Kissimmee West,Osceola,Building C,238,King Room - Courtyard View
5399,KW,Kissimmee West,Osceola,Building C,239,Double Queen Room
5399,KW,Kissimmee West,Osceola,Building C,240,Double Queen Room with Kitchen
5399,KW,Kissimmee West,Osceola,Building C,241,Double Queen Room
5399,KW,Kissimmee West,Osceola,Building C,242,Double Queen Room - Courtyard View
5399,KW,Kissimmee West,Osceola,Building C,243,Double Queen Room
5399,KW,Kissimmee West,Osceola,Building C,244,Double Queen Room with Kitchen
5399,KW,Kissimmee West,Osceola,Building C,245,Double Queen Room
5399,KW,Kissimmee West,Osceola,Building C,246,Double Queen Room - Courtyard View
5399,KW,Kissimmee West,Osceola,Building C,247,King Room
5399,KW,Kissimmee West,Osceola,Building C,248,Double Queen Room with Kitchen
5399,KW,Kissimmee West,Osceola,Building C,249,Double Queen Room with Kitchen
5399,KW,Kissimmee West,Osceola,Building C,250,Double Queen Room - Courtyard View
5399,KW,Kissimmee West,Osceola,Building C,251,Double Queen Room
5399,KW,Kissimmee West,Osceola,Building C,252,Double Queen Room with Kitchen
5399,KW,Kissimmee West,Osceola,Building C,253,Double Queen Room with Kitchen
5399,KW,Kissimmee West,Osceola,Building C,254,Double Queen Room - Courtyard View
5399,KW,Kissimmee West,Osceola,Building C,255,Double Queen Room
5399,KW,Kissimmee West,Osceola,Building E,256,King Room - Courtyard View
5399,KW,Kissimmee West,Osceola,Building C,257,Double Queen Room with Kitchen
5399,KW,Kissimmee West,Osceola,Building E,258,Double Queen Room - Courtyard View
5399,KW,Kissimmee West,Osceola,Building C,259,Double Queen Room
5399,KW,Kissimmee West,Osceola,Building E,260,Double Queen Room - Courtyard View
5399,KW,Kissimmee West,Osceola,Building C,261,Double Queen Room with Kitchen
5399,KW,Kissimmee West,Osceola,Building E,262,Double Queen Room - Courtyard View
5399,KW,Kissimmee West,Osceola,Building C,263,Double Queen Room
5399,KW,Kissimmee West,Osceola,Building E,264,Double Queen Room - Courtyard View
5399,KW,Kissimmee West,Osceola,Building D,265,King Room
5399,KW,Kissimmee West,Osceola,Building E,266,Double Queen Room - Courtyard View
5399,KW,Kissimmee West,Osceola,Building D,267,King Room
5399,KW,Kissimmee West,Osceola,Building E,268,Double Queen Room - Courtyard View
5399,KW,Kissimmee West,Osceola,Building D,269,King Room
5399,KW,Kissimmee West,Osceola,Building E,270,Double Queen Room - Courtyard View
5399,KW,Kissimmee West,Osceola,Building D,271,King Room
5399,KW,Kissimmee West,Osceola,Building D,273,King Room
5399,KW,Kissimmee West,Osceola,Building E,275,King Room
5399,KW,Kissimmee West,Osceola,Building E,277,Double Queen Room
5399,KW,Kissimmee West,Osceola,Building E,279,Double Queen Room
5399,KW,Kissimmee West,Osceola,Building E,281,Double Queen Room
5399,KW,Kissimmee West,Osceola,Building E,283,Double Queen Room
5399,KW,Kissimmee West,Osceola,Building E,285,Double Queen Room
5399,KW,Kissimmee West,Osceola,Building E,287,Double Queen Room
5399,KW,Kissimmee West,Osceola,Building E,289,Double Queen Room
5399,KW,Kissimmee West,Osceola,Other,310,One-Bedroom Apartment
5399,KW,Kissimmee West,Osceola,Other,311,One-Bedroom Apartment
5399,KW,Kissimmee West,Osceola,Other,312,One-Bedroom Renovated Apartment - Unfurnished
5399,KW,Kissimmee West,Osceola,Other,313,Two-Bedroom Renovated Apartment - Unfurnished
6802,JW,Jacksonville West,Duval,Building A,100,King Room with Atrium View
6802,JW,Jacksonville West,Duval,Building A,101,King Room - Non-Smoking
6802,JW,Jacksonville West,Duval,Building A,102,King Room with Atrium View
6802,JW,Jacksonville West,Duval,Building A,103,Double Room - Non-Smoking
6802,JW,Jacksonville West,Duval,Building A,104,Double Room with Atrium View - Non-Smoking
6802,JW,Jacksonville West,Duval,Building A,105,King Room - Non-Smoking
6802,JW,Jacksonville West,Duval,Building A,106,Double Room with Atrium View - Non-Smoking
6802,JW,Jacksonville West,Duval,Building A,107,Double Room - Non-Smoking
6802,JW,Jacksonville West,Duval,Building A,108,King Room with Atrium View
6802,JW,Jacksonville West,Duval,Building A,109,Single Room Handicap Accessible with Roll-in
6802,JW,Jacksonville West,Duval,Building A,111,King Room - Non-Smoking
6802,JW,Jacksonville West,Duval,Building A,112,Single Room with Atrium View
6802,JW,Jacksonville West,Duval,Building A,113,Double Room - Non-Smoking
6802,JW,Jacksonville West,Duval,Building A,114,Single Room with Atrium View
6802,JW,Jacksonville West,Duval,Building B,118,King Room - Non-Smoking
6802,JW,Jacksonville West,Duval,Building B,119,Double Room - Smoking
6802,JW,Jacksonville West,Duval,Building B,121,Double Room - Non-Smoking
6802,JW,Jacksonville West,Duval,Building B,122,King Room - Non-Smoking
6802,JW,Jacksonville West,Duval,Building B,123,Double Room - Non-Smoking
6802,JW,Jacksonville West,Duval,Building B,125,Double Room - Smoking
6802,JW,Jacksonville West,Duval,Building B,126,Single Room Handicap Accessible - Smoking
6802,JW,Jacksonville West,Duval,Building B,127,Double Room - Smoking
6802,JW,Jacksonville West,Duval,Building B,129,Double Room - Smoking
6802,JW,Jacksonville West,Duval,Building B,130,King Room - Non-Smoking
6802,JW,Jacksonville West,Duval,Building B,131,Double Room - Smoking
6802,JW,Jacksonville West,Duval,Building B,133,Double Room - Non-Smoking
6802,JW,Jacksonville West,Duval,Building C,140,King Room with Atrium View
6802,JW,Jacksonville West,Duval,Building C,144,King Room with Atrium View
6802,JW,Jacksonville West,Duval,Building C,146,King Room with Atrium View
6802,JW,Jacksonville West,Duval,Building D,150,King Room - Non-Smoking
6802,JW,Jacksonville West,Duval,Building D,152,King Room - Non-Smoking
6802,JW,Jacksonville West,Duval,Building D,154,Double Room - Non-Smoking
6802,JW,Jacksonville West,Duval,Building D,156,Double Room - Non-Smoking
6802,JW,Jacksonville West,Duval,Building D,158,Single Room Handicap Accessible - Non-Smoking
6802,JW,Jacksonville West,Duval,Building D,160,King Room - Non-Smoking
6802,JW,Jacksonville West,Duval,Building D,162,Double Room - Non-Smoking
6802,JW,Jacksonville West,Duval,Building D,164,Double Room - Non-Smoking
6802,JW,Jacksonville West,Duval,Building D,165,King Studio Renovated - Non smoking
6802,JW,Jacksonville West,Duval,Building D,166,Double Room - Non-Smoking
6802,JW,Jacksonville West,Duval,Building A,200,Double Room with Atrium View - Non-Smoking
6802,JW,Jacksonville West,Duval,Building A,201,Double Room - Non-Smoking
6802,JW,Jacksonville West,Duval,Building A,202,Double Room with Atrium View - Non-Smoking
6802,JW,Jacksonville West,Duval,Building A,203,Double Room - Non-Smoking
6802,JW,Jacksonville West,Duval,Building A,204,Double Room with Atrium View - Non-Smoking
6802,JW,Jacksonville West,Duval,Building A,205,Double Room - Non-Smoking
6802,JW,Jacksonville West,Duval,Building A,206,Double Room with Atrium View - Non-Smoking
6802,JW,Jacksonville West,Duval,Building A,207,Double Room - Non-Smoking
6802,JW,Jacksonville West,Duval,Building A,208,King Room with Atrium View
6802,JW,Jacksonville West,Duval,Building A,209,King Room - Non-Smoking
6802,JW,Jacksonville West,Duval,Building A,210,King Room with Atrium View
6802,JW,Jacksonville West,Duval,Building A,211,King Room - Non-Smoking
6802,JW,Jacksonville West,Duval,Building A,212,Double Room with Atrium View - Non-Smoking
6802,JW,Jacksonville West,Duval,Building A,213,King Room - Non-Smoking
6802,JW,Jacksonville West,Duval,Building A,214,Single Room with Atrium View
6802,JW,Jacksonville West,Duval,Building A,215,King Room - Smoking
6802,JW,Jacksonville West,Duval,Building B,218,King Room - Smoking
6802,JW,Jacksonville West,Duval,Building B,219,Double Room - Smoking
6802,JW,Jacksonville West,Duval,Building B,221,Double Room - Smoking
6802,JW,Jacksonville West,Duval,Building B,222,King Room - Non-Smoking
6802,JW,Jacksonville West,Duval,Building B,223,King Room - Smoking
6802,JW,Jacksonville West,Duval,Building B,225,Double Room - Smoking
6802,JW,Jacksonville West,Duval,Building B,226,King Room - Smoking
6802,JW,Jacksonville West,Duval,Building B,227,King Room - Smoking
6802,JW,Jacksonville West,Duval,Building B,229,Double Room - Smoking
6802,JW,Jacksonville West,Duval,Building B,230,King Room - Smoking
6802,JW,Jacksonville West,Duval,Building B,231,King Room - Smoking
6802,JW,Jacksonville West,Duval,Building B,233,King Room - Smoking
6802,JW,Jacksonville West,Duval,Building C,234,Double Room with Atrium View - Non-Smoking
6802,JW,Jacksonville West,Duval,Building C,236,Double Room with Atrium View - Non-Smoking
6802,JW,Jacksonville West,Duval,Building C,238,Double Room with Atrium View - Non-Smoking
6802,JW,Jacksonville West,Duval,Building C,242,King Room with Atrium View
6802,JW,Jacksonville West,Duval,Building C,244,King Room with Atrium View
6802,JW,Jacksonville West,Duval,Building C,248,Single Room with Atrium View
6802,JW,Jacksonville West,Duval,Building D,250,King Room - Non-Smoking
6802,JW,Jacksonville West,Duval,Building D,252,King Room - Non-Smoking
6802,JW,Jacksonville West,Duval,Building D,254,King Room - Non-Smoking
6802,JW,Jacksonville West,Duval,Building D,256,King Room - Non-Smoking
6802,JW,Jacksonville West,Duval,Building D,258,King Room - Non-Smoking
6802,JW,Jacksonville West,Duval,Building D,260,King Room - Non-Smoking
6802,JW,Jacksonville West,Duval,Building D,262,King Room - Non-Smoking
6802,JW,Jacksonville West,Duval,Building D,264,Double Room - Non-Smoking
6802,JW,Jacksonville West,Duval,Building E,300,Single Room - Non-Smoking
6802,JW,Jacksonville West,Duval,Building E,301,Single Room - Non-Smoking
6802,JW,Jacksonville West,Duval,Building E,302,Upgraded King Room - Atrium View
6802,JW,Jacksonville West,Duval,Building E,303,King Room - Non-Smoking
6802,JW,Jacksonville West,Duval,Building E,304,Upgraded King Room - Atrium View
6802,JW,Jacksonville West,Duval,Building E,305,King Room - Non-Smoking
6802,JW,Jacksonville West,Duval,Building E,306,Upgraded Double Room - Atrium View
6802,JW,Jacksonville West,Duval,Building E,307,Double Room - Non-Smoking
6802,JW,Jacksonville West,Duval,Building E,308,Double Room with Atrium View - Non-Smoking
6802,JW,Jacksonville West,Duval,Building E,309,Double Room - Non-Smoking
6802,JW,Jacksonville West,Duval,Building E,310,Upgraded Double Room - Atrium View
6802,JW,Jacksonville West,Duval,Building E,311,Double Room - Non-Smoking
6802,JW,Jacksonville West,Duval,Building E,312,Double Room with Atrium View - Non-Smoking
6802,JW,Jacksonville West,Duval,Building E,313,Double Room - Non-Smoking
6802,JW,Jacksonville West,Duval,Building E,314,Double Room with Atrium View - Non-Smoking
6802,JW,Jacksonville West,Duval,Building E,315,Double Room - Non-Smoking
6802,JW,Jacksonville West,Duval,Building E,316,Double Room with Atrium View - Non-Smoking
6802,JW,Jacksonville West,Duval,Building E,317,Double Room - Non-Smoking
6802,JW,Jacksonville West,Duval,Building E,318,Double Room with Atrium View - Non-Smoking
6802,JW,Jacksonville West,Duval,Building E,319,Double Room - Non-Smoking
6802,JW,Jacksonville West,Duval,Building E,320,Double Room with Atrium View - Non-Smoking
6802,JW,Jacksonville West,Duval,Building E,321,Double Room - Non-Smoking
6802,JW,Jacksonville West,Duval,Building E,322,King Room with Atrium View
6802,JW,Jacksonville West,Duval,Building E,323,King Room - Non-Smoking
6802,JW,Jacksonville West,Duval,Building E,324,Single Room with Atrium View
6802,JW,Jacksonville West,Duval,Building E,325,King Room - Non-Smoking
6802,JW,Jacksonville West,Duval,Building E,400,Single Room - Non-Smoking
6802,JW,Jacksonville West,Duval,Building E,401,Single Room - Non-Smoking
6802,JW,Jacksonville West,Duval,Building E,402,King Room with Atrium View
6802,JW,Jacksonville West,Duval,Building E,403,King Room - Non-Smoking
6802,JW,Jacksonville West,Duval,Building E,404,Upgraded King Room - Atrium View
6802,JW,Jacksonville West,Duval,Building E,405,King Room - Non-Smoking
6802,JW,Jacksonville West,Duval,Building E,406,Upgraded Double Room - Atrium View
6802,JW,Jacksonville West,Duval,Building E,407,Double Room - Non-Smoking
6802,JW,Jacksonville West,Duval,Building E,408,Upgraded Double Room - Atrium View
6802,JW,Jacksonville West,Duval,Building E,409,Double Room - Non-Smoking
6802,JW,Jacksonville West,Duval,Building E,410,Upgraded Double Room - Atrium View
6802,JW,Jacksonville West,Duval,Building E,411,Double Room - Non-Smoking
6802,JW,Jacksonville West,Duval,Building E,412,Double Room with Atrium View - Non-Smoking
6802,JW,Jacksonville West,Duval,Building E,413,Double Room - Non-Smoking
6802,JW,Jacksonville West,Duval,Building E,414,Upgraded Double Room - Atrium View
6802,JW,Jacksonville West,Duval,Building E,415,Double Room - Non-Smoking
6802,JW,Jacksonville West,Duval,Building E,416,Double Room with Atrium View - Non-Smoking
6802,JW,Jacksonville West,Duval,Building E,417,Double Room - Non-Smoking
6802,JW,Jacksonville West,Duval,Building E,418,Double Room with Atrium View - Non-Smoking
6802,JW,Jacksonville West,Duval,Building E,419,King Room - Non-Smoking
6802,JW,Jacksonville West,Duval,Building E,420,Upgraded Double Room - Atrium View
6802,JW,Jacksonville West,Duval,Building E,421,King Room - Non-Smoking
6802,JW,Jacksonville West,Duval,Building E,422,King Room with Atrium View
6802,JW,Jacksonville West,Duval,Building E,423,King Room - Non-Smoking
6802,JW,Jacksonville West,Duval,Building E,424,Upgraded King Room - Atrium View
6802,JW,Jacksonville West,Duval,Building E,425,King Room - Non-Smoking
812,JN,Jacksonville North,Duval,Building A,103,King Room - Non-Smoking
812,JN,Jacksonville North,Duval,Building A,104,King Room with Sofa - Non-Smoking
812,JN,Jacksonville North,Duval,Building A,105,Double Room Handicap Accessible
812,JN,Jacksonville North,Duval,Building A,107,Double Room - Non-Smoking
812,JN,Jacksonville North,Duval,Building A,108,King Room - Non-Smoking
812,JN,Jacksonville North,Duval,Building A,109,Double Room - Non-Smoking
812,JN,Jacksonville North,Duval,Building A,110,King Room Handicap Accessible
812,JN,Jacksonville North,Duval,Building A,111,Double Room - Non-Smoking
812,JN,Jacksonville North,Duval,Building A,112,Double Room - Smoking
812,JN,Jacksonville North,Duval,Building A,114,King Room Handicap Accessible
812,JN,Jacksonville North,Duval,Building A,115,King Room - Non-Smoking
812,JN,Jacksonville North,Duval,Building B,116,Double Room - Non-Smoking
812,JN,Jacksonville North,Duval,Building B,117,King Suite - Non-Smoking
812,JN,Jacksonville North,Duval,Building B,118,King Room - Non-Smoking
812,JN,Jacksonville North,Duval,Building B,119,Double Room - Non-Smoking
812,JN,Jacksonville North,Duval,Building B,120,Double Room - Non-Smoking
812,JN,Jacksonville North,Duval,Building B,121,Double Room - Non-Smoking
812,JN,Jacksonville North,Duval,Building B,122,Double Room - Non-Smoking
812,JN,Jacksonville North,Duval,Building C,125,Double Room - Non-Smoking
812,JN,Jacksonville North,Duval,Building C,126,King Room - Non-Smoking
812,JN,Jacksonville North,Duval,Building C,127,Double Room - Non-Smoking
812,JN,Jacksonville North,Duval,Building C,129,Double Room - Smoking
812,JN,Jacksonville North,Duval,Building C,131,Double Room - Smoking
812,JN,Jacksonville North,Duval,Building C,133,Double Room - Non-Smoking
812,JN,Jacksonville North,Duval,Building C,135,King Room - Non-Smoking
812,JN,Jacksonville North,Duval,Building D,136,Double Room - Non-Smoking
812,JN,Jacksonville North,Duval,Building D,137,King Room - Non-Smoking
812,JN,Jacksonville North,Duval,Building D,138,King Room Handicap Accessible
812,JN,Jacksonville North,Duval,Building D,139,Double Room - Non-Smoking
812,JN,Jacksonville North,Duval,Building D,140,King Room Handicap Accessible
812,JN,Jacksonville North,Duval,Building D,141,Double Room - Non-Smoking
812,JN,Jacksonville North,Duval,Building D,142,King Room Handicap Accessible
812,JN,Jacksonville North,Duval,Building D,143,Double Room - Non-Smoking
812,JN,Jacksonville North,Duval,Building D,144,Double Room - Non-Smoking
812,JN,Jacksonville North,Duval,Building D,145,Double Room - Non-Smoking
812,JN,Jacksonville North,Duval,Building D,146,Double Room - Non-Smoking
812,JN,Jacksonville North,Duval,Building D,147,Double Room - Non-Smoking
812,JN,Jacksonville North,Duval,Building A,200,King Room - Non-Smoking
812,JN,Jacksonville North,Duval,Building A,201,King Suite - Non-Smoking
812,JN,Jacksonville North,Duval,Building A,202,King Room - Non-Smoking
812,JN,Jacksonville North,Duval,Building A,203,Double Room - Non-Smoking
812,JN,Jacksonville North,Duval,Building A,204,Double Room - Non-Smoking
812,JN,Jacksonville North,Duval,Building A,205,Double Room - Non-Smoking
812,JN,Jacksonville North,Duval,Building A,206,Double Room - Non-Smoking
812,JN,Jacksonville North,Duval,Building A,207,Double Room - Non-Smoking
812,JN,Jacksonville North,Duval,Building A,208,Double Room - Non-Smoking
812,JN,Jacksonville North,Duval,Building A,209,Double Room - Non-Smoking
812,JN,Jacksonville North,Duval,Building A,210,King Room - Non-Smoking
812,JN,Jacksonville North,Duval,Building A,211,Double Room - Non-Smoking
812,JN,Jacksonville North,Duval,Building A,212,Double Room - Non-Smoking
812,JN,Jacksonville North,Duval,Building A,214,King Room - Non-Smoking
812,JN,Jacksonville North,Duval,Building A,215,King Room with Sofa - Non-Smoking
812,JN,Jacksonville North,Duval,Building B,216,Double Room - Non-Smoking
812,JN,Jacksonville North,Duval,Building B,217,Double Room - Non-Smoking
812,JN,Jacksonville North,Duval,Building B,218,King Room - Smoking
812,JN,Jacksonville North,Duval,Building B,219,King Room - Non-Smoking
812,JN,Jacksonville North,Duval,Building B,220,Double Room - Non-Smoking
812,JN,Jacksonville North,Duval,Building B,221,Double Room - Non-Smoking
812,JN,Jacksonville North,Duval,Building B,222,Double Room - Non-Smoking
812,JN,Jacksonville North,Duval,Building B,223,Double Room - Non-Smoking
812,JN,Jacksonville North,Duval,Building C,224,Double Room - Non-Smoking
812,JN,Jacksonville North,Duval,Building C,225,Double Room - Non-Smoking
812,JN,Jacksonville North,Duval,Building C,226,Double Room - Non-Smoking
812,JN,Jacksonville North,Duval,Building C,227,Double Room - Non-Smoking
812,JN,Jacksonville North,Duval,Building C,228,Manager's Apartment
812,JN,Jacksonville North,Duval,Building C,229,Double Room - Non-Smoking
812,JN,Jacksonville North,Duval,Building C,231,Double Room - Non-Smoking
812,JN,Jacksonville North,Duval,Building C,233,Double Room - Non-Smoking
812,JN,Jacksonville North,Duval,Building C,235,Double Room - Non-Smoking
812,JN,Jacksonville North,Duval,Building D,236,Double Room - Non-Smoking
812,JN,Jacksonville North,Duval,Building D,237,Double Room - Non-Smoking
812,JN,Jacksonville North,Duval,Building D,238,Double Room - Smoking
812,JN,Jacksonville North,Duval,Building D,239,Double Room - Non-Smoking
812,JN,Jacksonville North,Duval,Building D,240,Double Room - Non-Smoking
812,JN,Jacksonville North,Duval,Building D,241,Double Room - Non-Smoking
812,JN,Jacksonville North,Duval,Building D,242,Double Room - Smoking
812,JN,Jacksonville North,Duval,Building D,243,Double Room - Non-Smoking
812,JN,Jacksonville North,Duval,Building D,244,Double Room - Non-Smoking
812,JN,Jacksonville North,Duval,Building D,245,Double Room - Non-Smoking
812,JN,Jacksonville North,Duval,Building D,246,Double Room - Non-Smoking
812,JN,Jacksonville North,Duval,Building D,247,Double Room - Non-Smoking
812,JN,Jacksonville North,Duval,Building A,301,King Suite - Non-Smoking
812,JN,Jacksonville North,Duval,Building A,302,King Suite - Non-Smoking
812,JN,Jacksonville North,Duval,Building A,303,Double Room - Non-Smoking
812,JN,Jacksonville North,Duval,Building A,304,Double Room - Non-Smoking
812,JN,Jacksonville North,Duval,Building A,305,King Room - Non-Smoking
812,JN,Jacksonville North,Duval,Building A,306,Double Room - Non-Smoking
812,JN,Jacksonville North,Duval,Building A,307,Double Room - Non-Smoking
812,JN,Jacksonville North,Duval,Building A,308,Double Room - Non-Smoking
812,JN,Jacksonville North,Duval,Building A,309,Double Room - Non-Smoking
812,JN,Jacksonville North,Duval,Building A,310,Double Room - Non-Smoking
812,JN,Jacksonville North,Duval,Building A,311,Double Room - Smoking
812,JN,Jacksonville North,Duval,Building A,312,King Room with Sofa - Non-Smoking
812,JN,Jacksonville North,Duval,Building A,314,King Room - Smoking
812,JN,Jacksonville North,Duval,Building A,315,Double Room - Non-Smoking
812,JN,Jacksonville North,Duval,Building B,316,Double Room - Non-Smoking
812,JN,Jacksonville North,Duval,Building B,317,Double Room - Non-Smoking
812,JN,Jacksonville North,Duval,Building B,318,Double Room - Non-Smoking
812,JN,Jacksonville North,Duval,Building B,319,Double Room - Non-Smoking
812,JN,Jacksonville North,Duval,Building B,320,Double Room - Non-Smoking
812,JN,Jacksonville North,Duval,Building B,321,Double Room - Non-Smoking
812,JN,Jacksonville North,Duval,Building B,322,Double Room - Non-Smoking
812,JN,Jacksonville North,Duval,Building B,323,Double Room - Non-Smoking
812,JN,Jacksonville North,Duval,Building C,324,Double Room - Non-Smoking
812,JN,Jacksonville North,Duval,Building C,325,Double Room - Non-Smoking
812,JN,Jacksonville North,Duval,Building C,326,Double Room - Non-Smoking
812,JN,Jacksonville North,Duval,Building C,327,Double Room - Non-Smoking
812,JN,Jacksonville North,Duval,Building C,328,Double Room - Non-Smoking
812,JN,Jacksonville North,Duval,Building C,329,Double Room - Non-Smoking
812,JN,Jacksonville North,Duval,Building C,330,Double Room - Non-Smoking
812,JN,Jacksonville North,Duval,Building C,331,Double Room - Non-Smoking
812,JN,Jacksonville North,Duval,Building C,332,Double Room - Non-Smoking
812,JN,Jacksonville North,Duval,Building C,333,Double Room - Non-Smoking
812,JN,Jacksonville North,Duval,Building C,334,Double Room - Non-Smoking
812,JN,Jacksonville North,Duval,Building C,335,King Room with Sofa - Non-Smoking
812,JN,Jacksonville North,Duval,Building D,336,Double Room - Smoking
812,JN,Jacksonville North,Duval,Building D,337,Double Room - Non-Smoking
812,JN,Jacksonville North,Duval,Building D,338,Double Room - Smoking
812,JN,Jacksonville North,Duval,Building D,339,Double Room - Non-Smoking
812,JN,Jacksonville North,Duval,Building D,340,Double Room - Smoking
812,JN,Jacksonville North,Duval,Building D,341,Double Room - Non-Smoking
812,JN,Jacksonville North,Duval,Building D,342,Double Room - Smoking
812,JN,Jacksonville North,Duval,Building D,343,Double Room - Non-Smoking
812,JN,Jacksonville North,Duval,Building D,344,Double Room - Non-Smoking
812,JN,Jacksonville North,Duval,Building D,345,Double Room - Non-Smoking
812,JN,Jacksonville North,Duval,Building D,346,Double Room - Non-Smoking
812,JN,Jacksonville North,Duval,Building D,347,Double Room - Non-Smoking
2535,SA,St. Augustine,St. Johns,Building B,101,King Room
2535,SA,St. Augustine,St. Johns,Building B,102,King Room
2535,SA,St. Augustine,St. Johns,Building B,103,King Room
2535,SA,St. Augustine,St. Johns,Building B,104,King Room
2535,SA,St. Augustine,St. Johns,Building B,105,King Room
2535,SA,St. Augustine,St. Johns,Building B,106,Double Room
2535,SA,St. Augustine,St. Johns,Building B,107,Double Room
2535,SA,St. Augustine,St. Johns,Building B,108,King Room
2535,SA,St. Augustine,St. Johns,Building B,109,Double Room
2535,SA,St. Augustine,St. Johns,Building B,110,Double Room
2535,SA,St. Augustine,St. Johns,Building B,111,Double Room
2535,SA,St. Augustine,St. Johns,Building B,112,Double Room
2535,SA,St. Augustine,St. Johns,Building B,114,Double Room
2535,SA,St. Augustine,St. Johns,Building B,115,Double Room
2535,SA,St. Augustine,St. Johns,Building B,116,King Room
2535,SA,St. Augustine,St. Johns,Building B,117,Double Room
2535,SA,St. Augustine,St. Johns,Building B,118,King Room
2535,SA,St. Augustine,St. Johns,Building B,119,King Room
2535,SA,St. Augustine,St. Johns,Building D,120,King Room
2535,SA,St. Augustine,St. Johns,Building D,121,King Room
2535,SA,St. Augustine,St. Johns,Building D,122,King Room
2535,SA,St. Augustine,St. Johns,Building D,123,Double Room
2535,SA,St. Augustine,St. Johns,Building D,124,Double Room
2535,SA,St. Augustine,St. Johns,Building D,125,King Room
2535,SA,St. Augustine,St. Johns,Building D,126,Double Room
2535,SA,St. Augustine,St. Johns,Building D,127,Double Room
2535,SA,St. Augustine,St. Johns,Building D,128,Double Room
2535,SA,St. Augustine,St. Johns,Building D,129,Double Room
2535,SA,St. Augustine,St. Johns,Building D,130,Double Room
2535,SA,St. Augustine,St. Johns,Building D,131,Double Room
2535,SA,St. Augustine,St. Johns,Building D,132,Double Room
2535,SA,St. Augustine,St. Johns,Building D,133,Double Room
2535,SA,St. Augustine,St. Johns,Building D,134,Double Room
2535,SA,St. Augustine,St. Johns,Building D,135,Double Room
2535,SA,St. Augustine,St. Johns,Building D,136,Double Room
2535,SA,St. Augustine,St. Johns,Building D,137,King Room
2535,SA,St. Augustine,St. Johns,Building A,138,King Room
2535,SA,St. Augustine,St. Johns,Building A,140,Double Room
2535,SA,St. Augustine,St. Johns,Building A,142,Double Room
2535,SA,St. Augustine,St. Johns,Building A,144,Double Room
2535,SA,St. Augustine,St. Johns,Building A,145,Double Room
2535,SA,St. Augustine,St. Johns,Building A,146,Double Room
2535,SA,St. Augustine,St. Johns,Building A,147,King Room
2535,SA,St. Augustine,St. Johns,Building A,148,Double Room
2535,SA,St. Augustine,St. Johns,Building A,149,King Room
2535,SA,St. Augustine,St. Johns,Building A,150,Double Room Handicap Accessible
2535,SA,St. Augustine,St. Johns,Building A,151,Double Room
2535,SA,St. Augustine,St. Johns,Building A,152,Double Room
2535,SA,St. Augustine,St. Johns,Building A,153,Double Room
2535,SA,St. Augustine,St. Johns,Building A,154,Double Room
2535,SA,St. Augustine,St. Johns,Building A,155,Double Room
2535,SA,St. Augustine,St. Johns,Building C,156,King Room
2535,SA,St. Augustine,St. Johns,Building C,157,King Room
2535,SA,St. Augustine,St. Johns,Building C,158,Double Room
2535,SA,St. Augustine,St. Johns,Building C,159,Double Room
2535,SA,St. Augustine,St. Johns,Building C,160,Double Room
2535,SA,St. Augustine,St. Johns,Building C,161,Double Room
2535,SA,St. Augustine,St. Johns,Building C,162,Double Room
2535,SA,St. Augustine,St. Johns,Building C,163,Double Room
2535,SA,St. Augustine,St. Johns,Building C,164,King Room
2535,SA,St. Augustine,St. Johns,Building C,165,Double Room
2535,SA,St. Augustine,St. Johns,Building C,166,Double Room
2535,SA,St. Augustine,St. Johns,Building C,167,Double Room
2535,SA,St. Augustine,St. Johns,Building C,168,Double Room
2535,SA,St. Augustine,St. Johns,Building C,169,Double Room
2535,SA,St. Augustine,St. Johns,Building C,170,Double Room
2535,SA,St. Augustine,St. Johns,Building C,172,Double Room
2535,SA,St. Augustine,St. Johns,Building C,173,King Room
2535,SA,St. Augustine,St. Johns,Building B,201,King Room
2535,SA,St. Augustine,St. Johns,Building B,202,King Room
2535,SA,St. Augustine,St. Johns,Building B,203,Double Room
2535,SA,St. Augustine,St. Johns,Building B,204,Double Room
2535,SA,St. Augustine,St. Johns,Building B,205,Double Room
2535,SA,St. Augustine,St. Johns,Building B,206,Double Room
2535,SA,St. Augustine,St. Johns,Building B,207,Double Room
2535,SA,St. Augustine,St. Johns,Building B,208,Double Room
2535,SA,St. Augustine,St. Johns,Building B,209,Double Room
2535,SA,St. Augustine,St. Johns,Building B,210,Double Room
2535,SA,St. Augustine,St. Johns,Building B,211,Double Room
2535,SA,St. Augustine,St. Johns,Building B,212,Double Room
2535,SA,St. Augustine,St. Johns,Building B,214,Double Room
2535,SA,St. Augustine,St. Johns,Building B,215,Double Room
2535,SA,St. Augustine,St. Johns,Building B,216,Double Room
2535,SA,St. Augustine,St. Johns,Building B,217,Double Room
2535,SA,St. Augustine,St. Johns,Building B,218,Double Room
2535,SA,St. Augustine,St. Johns,Building B,219,Double Room
2535,SA,St. Augustine,St. Johns,Building D,220,King Room
2535,SA,St. Augustine,St. Johns,Building D,221,King Room
2535,SA,St. Augustine,St. Johns,Building D,222,Double Room
2535,SA,St. Augustine,St. Johns,Building D,223,Double Room
2535,SA,St. Augustine,St. Johns,Building D,224,Double Room
2535,SA,St. Augustine,St. Johns,Building D,225,Double Room
2535,SA,St. Augustine,St. Johns,Building D,226,Double Room
2535,SA,St. Augustine,St. Johns,Building D,227,King Room
2535,SA,St. Augustine,St. Johns,Building D,228,Double Room
2535,SA,St. Augustine,St. Johns,Building D,229,Double Room
2535,SA,St. Augustine,St. Johns,Building D,230,Double Room
2535,SA,St. Augustine,St. Johns,Building D,231,Double Room
2535,SA,St. Augustine,St. Johns,Building D,232,Double Room
2535,SA,St. Augustine,St. Johns,Building D,233,Double Room
2535,SA,St. Augustine,St. Johns,Building D,234,Double Room
2535,SA,St. Augustine,St. Johns,Building D,235,Double Room
2535,SA,St. Augustine,St. Johns,Building D,236,Double Room
2535,SA,St. Augustine,St. Johns,Building D,237,Double Room
2535,SA,St. Augustine,St. Johns,Building A,238,King Room
2535,SA,St. Augustine,St. Johns,Building A,239,King Room
2535,SA,St. Augustine,St. Johns,Building A,240,Double Room
2535,SA,St. Augustine,St. Johns,Building A,241,Double Room
2535,SA,St. Augustine,St. Johns,Building A,242,Double Room
2535,SA,St. Augustine,St. Johns,Building A,243,Double Room
2535,SA,St. Augustine,St. Johns,Building A,244,Double Room
2535,SA,St. Augustine,St. Johns,Building A,245,Double Room
2535,SA,St. Augustine,St. Johns,Building A,246,Double Room
2535,SA,St. Augustine,St. Johns,Building A,247,Double Room
2535,SA,St. Augustine,St. Johns,Building A,248,King Room
2535,SA,St. Augustine,St. Johns,Building A,249,King Room
2535,SA,St. Augustine,St. Johns,Building A,250,King Room
2535,SA,St. Augustine,St. Johns,Building A,251,Double Room
2535,SA,St. Augustine,St. Johns,Building A,252,Double Room
2535,SA,St. Augustine,St. Johns,Building A,253,Double Room
2535,SA,St. Augustine,St. Johns,Building A,254,Double Room
2535,SA,St. Augustine,St. Johns,Building A,255,Double Room
2535,SA,St. Augustine,St. Johns,Building C,256,King Room
2535,SA,St. Augustine,St. Johns,Building C,257,King Room
2535,SA,St. Augustine,St. Johns,Building C,258,Double Room
2535,SA,St. Augustine,St. Johns,Building C,259,Double Room
2535,SA,St. Augustine,St. Johns,Building C,260,Double Room
2535,SA,St. Augustine,St. Johns,Building C,261,Double Room
2535,SA,St. Augustine,St. Johns,Building C,262,Double Room
2535,SA,St. Augustine,St. Johns,Building C,263,Double Room
2535,SA,St. Augustine,St. Johns,Building C,264,Double Room
2535,SA,St. Augustine,St. Johns,Building C,265,Double Room
2535,SA,St. Augustine,St. Johns,Building C,266,Double Room
2535,SA,St. Augustine,St. Johns,Building C,267,Double Room
2535,SA,St. Augustine,St. Johns,Building C,268,Double Room
2535,SA,St. Augustine,St. Johns,Building C,269,Double Room
2535,SA,St. Augustine,St. Johns,Building C,270,Double Room
2535,SA,St. Augustine,St. Johns,Building C,271,Double Room
2535,SA,St. Augustine,St. Johns,Building C,272,Double Room
2535,SA,St. Augustine,St. Johns,Building C,273,Double Room
8700,OR,Orlando OBT,Orange,Building A,1103,Double Room
8700,OR,Orlando OBT,Orange,Building A,1105,King Room Handicap Accessible
8700,OR,Orlando OBT,Orange,Building A,1106,Double Room
8700,OR,Orlando OBT,Orange,Building A,1107,King Room
8700,OR,Orlando OBT,Orange,Building A,1108,King Room
8700,OR,Orlando OBT,Orange,Building A,1109,Double Room
8700,OR,Orlando OBT,Orange,Building A,1110,Double Room
8700,OR,Orlando OBT,Orange,Building A,1111,King Room
8700,OR,Orlando OBT,Orange,Building A,1112,Double Room
8700,OR,Orlando OBT,Orange,Building A,1113,King Room Handicap Accessible
8700,OR,Orlando OBT,Orange,Building A,1114,King Room Handicap Accessible
8700,OR,Orlando OBT,Orange,Building A,1115,King Room
8700,OR,Orlando OBT,Orange,Building A,1116,Double Room
8700,OR,Orlando OBT,Orange,Building A,1117,Double Room
8700,OR,Orlando OBT,Orange,Building A,1118,Double Room
8700,OR,Orlando OBT,Orange,Building A,1119,King Room
8700,OR,Orlando OBT,Orange,Building A,1120,Double Room
8700,OR,Orlando OBT,Orange,Building A,1121,Double Room
8700,OR,Orlando OBT,Orange,Building A,1122,Double Room
8700,OR,Orlando OBT,Orange,Building A,1123,King Room
8700,OR,Orlando OBT,Orange,Building B,1124,Double Room
8700,OR,Orlando OBT,Orange,Building B,1125,Double Room
8700,OR,Orlando OBT,Orange,Building B,1126,Double Room
8700,OR,Orlando OBT,Orange,Building B,1127,Double Suite
8700,OR,Orlando OBT,Orange,Building B,1128,Double Room
8700,OR,Orlando OBT,Orange,Building B,1130,Double Room
8700,OR,Orlando OBT,Orange,Building B,1131,Double Room
8700,OR,Orlando OBT,Orange,Building B,1133,King Room
8700,OR,Orlando OBT,Orange,Building B,1134,Double Room
8700,OR,Orlando OBT,Orange,Building B,1135,Double Room
8700,OR,Orlando OBT,Orange,Building B,1136,King Room
8700,OR,Orlando OBT,Orange,Building B,1137,King Room
8700,OR,Orlando OBT,Orange,Building B,1139,King Room
8700,OR,Orlando OBT,Orange,Building B,1141,King Room
8700,OR,Orlando OBT,Orange,Building B,1143,King Room
8700,OR,Orlando OBT,Orange,Building A,1202,Double Room
8700,OR,Orlando OBT,Orange,Building A,1203,King Room
8700,OR,Orlando OBT,Orange,Building A,1204,King Room
8700,OR,Orlando OBT,Orange,Building A,1205,King Room
8700,OR,Orlando OBT,Orange,Building A,1206,Double Room
8700,OR,Orlando OBT,Orange,Building A,1210,Double Room
8700,OR,Orlando OBT,Orange,Building A,1211,Double Room
8700,OR,Orlando OBT,Orange,Building A,1212,Double Room
8700,OR,Orlando OBT,Orange,Building A,1213,Double Room
8700,OR,Orlando OBT,Orange,Building A,1215,King Room
8700,OR,Orlando OBT,Orange,Building A,1216,Double Room
8700,OR,Orlando OBT,Orange,Building A,1217,Double Room
8700,OR,Orlando OBT,Orange,Building A,1218,King Room
8700,OR,Orlando OBT,Orange,Building A,1220,Double Room
8700,OR,Orlando OBT,Orange,Building A,1221,Double Room
8700,OR,Orlando OBT,Orange,Building A,1222,Double Room
8700,OR,Orlando OBT,Orange,Building A,1223,Double Room
8700,OR,Orlando OBT,Orange,Building B,1224,Double Room
8700,OR,Orlando OBT,Orange,Building B,1225,Double Room
8700,OR,Orlando OBT,Orange,Building B,1226,Double Room
8700,OR,Orlando OBT,Orange,Building B,1228,King Room
8700,OR,Orlando OBT,Orange,Building B,1229,Double Room
8700,OR,Orlando OBT,Orange,Building B,1230,Double Room
8700,OR,Orlando OBT,Orange,Building B,1231,King Room
8700,OR,Orlando OBT,Orange,Building B,1232,Double Room
8700,OR,Orlando OBT,Orange,Building B,1233,Double Room
8700,OR,Orlando OBT,Orange,Building B,1234,King Room
8700,OR,Orlando OBT,Orange,Building B,1235,King Room
8700,OR,Orlando OBT,Orange,Building B,1236,Double Room
8700,OR,Orlando OBT,Orange,Building B,1237,King Room
8700,OR,Orlando OBT,Orange,Building B,1238,King Room
8700,OR,Orlando OBT,Orange,Building B,1239,King Room
8700,OR,Orlando OBT,Orange,Building B,1240,King Room
8700,OR,Orlando OBT,Orange,Building B,1241,Double Room
8700,OR,Orlando OBT,Orange,Building B,1243,Double Room
8700,OR,Orlando OBT,Orange,Building C,2103,Double Room
8700,OR,Orlando OBT,Orange,Building C,2107,King Room Handicap Accessible
8700,OR,Orlando OBT,Orange,Building C,2111,Double Room
8700,OR,Orlando OBT,Orange,Building C,2113,King Room Handicap Accessible
8700,OR,Orlando OBT,Orange,Building C,2125,Double Room
8700,OR,Orlando OBT,Orange,Building C,2127,Double Room
8700,OR,Orlando OBT,Orange,Building C,2201,King Room
8700,OR,Orlando OBT,Orange,Building C,2202,Double Room
8700,OR,Orlando OBT,Orange,Building C,2204,Double Room
8700,OR,Orlando OBT,Orange,Building C,2205,King Room
8700,OR,Orlando OBT,Orange,Building C,2206,Double Room
8700,OR,Orlando OBT,Orange,Building C,2207,Double Room
8700,OR,Orlando OBT,Orange,Building C,2208,Double Room
8700,OR,Orlando OBT,Orange,Building C,2210,Double Room
8700,OR,Orlando OBT,Orange,Building C,2211,King Room
8700,OR,Orlando OBT,Orange,Building C,2212,Double Room
8700,OR,Orlando OBT,Orange,Building C,2213,Double Room
8700,OR,Orlando OBT,Orange,Building C,2214,Double Room
8700,OR,Orlando OBT,Orange,Building C,2217,Double Room
8700,OR,Orlando OBT,Orange,Building C,2218,King Room
8700,OR,Orlando OBT,Orange,Building C,2219,Double Room
8700,OR,Orlando OBT,Orange,Building C,2220,King Room
8700,OR,Orlando OBT,Orange,Building C,2221,Double Room
8700,OR,Orlando OBT,Orange,Building C,2222,King Room
8700,OR,Orlando OBT,Orange,Building C,2223,King Room
8700,OR,Orlando OBT,Orange,Building C,2225,Double Room
8700,OR,Orlando OBT,Orange,Building C,2226,King Room
8700,OR,Orlando OBT,Orange,Building C,2227,King Room
8700,OR,Orlando OBT,Orange,Building C,2228,Double Room
8700,OR,Orlando OBT,Orange,Building C,2230,Double Room
8700,OR,Orlando OBT,Orange,Building C,2231,King Room
8700,OR,Orlando OBT,Orange,Building C,2232,King Room
8700,OR,Orlando OBT,Orange,Building C,2233,King Room
8700,OR,Orlando OBT,Orange,Building D,3104,Double Room
8700,OR,Orlando OBT,Orange,Building D,3107,Double Room
8700,OR,Orlando OBT,Orange,Building D,3111,King Room
8700,OR,Orlando OBT,Orange,Building D,3112,Double Room
8700,OR,Orlando OBT,Orange,Building D,3115,Double Room
8700,OR,Orlando OBT,Orange,Building D,3116,Double Room
8700,OR,Orlando OBT,Orange,Building D,3117,Double Room
8700,OR,Orlando OBT,Orange,Building D,3119,Double Room
8700,OR,Orlando OBT,Orange,Building D,3120,Double Room
8700,OR,Orlando OBT,Orange,Building D,3121,Double Room
8700,OR,Orlando OBT,Orange,Building D,3122,King Room
8700,OR,Orlando OBT,Orange,Building D,3124,Double Room
8700,OR,Orlando OBT,Orange,Building D,3202,Double Room
8700,OR,Orlando OBT,Orange,Building D,3204,Double Room
8700,OR,Orlando OBT,Orange,Building D,3206,King Room
8700,OR,Orlando OBT,Orange,Building D,3207,Double Room
8700,OR,Orlando OBT,Orange,Building D,3208,Double Room
8700,OR,Orlando OBT,Orange,Building D,3209,Double Room
8700,OR,Orlando OBT,Orange,Building D,3210,Double Room
8700,OR,Orlando OBT,Orange,Building D,3212,Double Room
8700,OR,Orlando OBT,Orange,Building D,3213,Double Room
8700,OR,Orlando OBT,Orange,Building D,3214,Double Room
8700,OR,Orlando OBT,Orange,Building D,3215,Double Room
8700,OR,Orlando OBT,Orange,Building D,3216,Double Room
8700,OR,Orlando OBT,Orange,Building D,3217,King Room
8700,OR,Orlando OBT,Orange,Building D,3218,Double Room
8700,OR,Orlando OBT,Orange,Building D,3219,Double Room
8700,OR,Orlando OBT,Orange,Building D,3220,Double Room
8700,OR,Orlando OBT,Orange,Building D,3221,Double Room
8700,OR,Orlando OBT,Orange,Building D,3222,Double Room
8700,OR,Orlando OBT,Orange,Building D,3223,Double Room
8700,OR,Orlando OBT,Orange,Building D,3224,Double Room
